english	galaxy	galaxy	Emotions	12
english	galaxy	galaxy	acquire	8
english	galaxy	galaxy	animal	1
english	galaxy	galaxy	animals	1
english	galaxy	galaxy	celebrities	13
english	galaxy	galaxy	combinedeconomicsystem	16
english	galaxy	galaxy	combinedeconomicsystems	16
english	galaxy	galaxy	creativity	3
english	galaxy	galaxy	creativity_and_intelligence	3
english	galaxy	galaxy	creatures	1
english	galaxy	galaxy	economicsystem	16
english	galaxy	galaxy	economicsystems	16
english	galaxy	galaxy	emotion	12
english	galaxy	galaxy	emotions	12
english	galaxy	galaxy	evolution	8
english	galaxy	galaxy	feelings	12
english	galaxy	galaxy	goal	10
english	galaxy	galaxy	goals	10
english	galaxy	galaxy	intelligence	3
english	galaxy	galaxy	job	2
english	galaxy	galaxy	jobs	2
english	galaxy	galaxy	livingbeing	1
english	galaxy	galaxy	love	4
english	galaxy	galaxy	men	7
english	galaxy	galaxy	motifs	10
english	galaxy	galaxy	motivation	10
english	galaxy	galaxy	motives_goals	10
english	galaxy	galaxy	ownership_and_possession	17
english	galaxy	galaxy	people	13
english	galaxy	galaxy	personality	8
english	galaxy	galaxy	personality_evolutionary_acquisition	8
english	galaxy	galaxy	persons	13
english	galaxy	galaxy	religion	9
english	galaxy	galaxy	religions	9
english	galaxy	galaxy	women	7
english	universe	universe	acquire	8
english	universe	universe	analytic_ontology	11
english	universe	universe	analyticontology	11
english	universe	universe	animal	1
english	universe	universe	animals	1
english	universe	universe	breed	14
english	universe	universe	celebrities	13
english	universe	universe	consciousness	19
english	universe	universe	counter-structuralias	15
english	universe	universe	countertranscendentals	15
english	universe	universe	creatures	1
english	universe	universe	devices	17
english	universe	universe	equipment	17
english	universe	universe	essence	14
english	universe	universe	evolution	8
english	universe	universe	goal	10
english	universe	universe	goals	10
english	universe	universe	job	2
english	universe	universe	jobs	2
english	universe	universe	leibnitz	6
english	universe	universe	livingbeing	1
english	universe	universe	machines	17
english	universe	universe	mechanisms	14
english	universe	universe	mechanisms_of_breeding	14
english	universe	universe	mind	18
english	universe	universe	motifs	10
english	universe	universe	motivation	10
english	universe	universe	motives_goals	10
english	universe	universe	ontology	11
english	universe	universe	people	13
english	universe	universe	personality	8
english	universe	universe	personality_evolutionary_acquisition	8
english	universe	universe	persons	13
english	universe	universe	philoalias	5
english	universe	universe	primecross	6
english	universe	universe	religion	9
english	universe	universe	religions	9
english	universe	universe	structurals	5
english	universe	universe	transcendence	5
english	universe	universe	transcendentalia_structuralia	5
english	universe	universe	transcendentals	5
german	galaxy	galaxie	Berufe	2
german	galaxy	galaxie	Eigentum_und_Besitz	17
german	galaxy	galaxie	Emotionen	12
german	galaxy	galaxie	Kreativität_und_Intelligenz	3
german	galaxy	galaxie	Lebewesen	1
german	galaxy	galaxie	Liebe	4
german	galaxy	galaxie	Motive_Ziele	10
german	galaxy	galaxie	Männer	7
german	galaxy	galaxie	Personen	13
german	galaxy	galaxie	Persönlichkeit_evolutionär_erwerben	8
german	galaxy	galaxie	Religion	9
german	galaxy	galaxie	Wirtschaftssysteme	16
german	galaxy	galaxie	beruehmtheiten	13
german	galaxy	galaxie	beruf	2
german	galaxy	galaxie	berufe	2
german	galaxy	galaxie	berühmtheiten	13
german	galaxy	galaxie	emotion	12
german	galaxy	galaxie	emotionen	12
german	galaxy	galaxie	erwerben	8
german	galaxy	galaxie	evolution	8
german	galaxy	galaxie	frauen	7
german	galaxy	galaxie	gefuehle	12
german	galaxy	galaxie	gefühl	12
german	galaxy	galaxie	gefühle	12
german	galaxy	galaxie	intelligenz	3
german	galaxy	galaxie	kombinierteswirtschaftssystem	16
german	galaxy	galaxie	kombiniertewirtschaftssysteme	16
german	galaxy	galaxie	kreativitaet	3
german	galaxy	galaxie	kreativität	3
german	galaxy	galaxie	lebewesen	1
german	galaxy	galaxie	liebe	4
german	galaxy	galaxie	maenner	7
german	galaxy	galaxie	motivation	10
german	galaxy	galaxie	motive	10
german	galaxy	galaxie	männer	7
german	galaxy	galaxie	persoenlichkeit	8
german	galaxy	galaxie	personen	13
german	galaxy	galaxie	persönlichkeit	8
german	galaxy	galaxie	religion	9
german	galaxy	galaxie	religionen	9
german	galaxy	galaxie	tier	1
german	galaxy	galaxie	tiere	1
german	galaxy	galaxie	wirtschaftssystem	16
german	galaxy	galaxie	wirtschaftssysteme	16
german	galaxy	galaxie	ziel	10
german	galaxy	galaxie	ziele	10
german	universe	universum	Berufe	2
german	universe	universum	Bewusstsein	19
german	universe	universum	Gegentranszendentalien	15
german	universe	universum	Geist	18
german	universe	universum	Lebewesen	1
german	universe	universum	Maschinen	17
german	universe	universum	Mechanismen_der_Zuechtung	14
german	universe	universum	Motive_Ziele	10
german	universe	universum	Personen	13
german	universe	universum	Persönlichkeit_evolutionär_erwerben	8
german	universe	universum	Primzahlkreuz	6
german	universe	universum	Religion	9
german	universe	universum	Transzendentalien_Strukturalien	5
german	universe	universum	alien	5
german	universe	universum	analytische_Ontologie	11
german	universe	universum	analytischeontologie	11
german	universe	universum	beruehmtheiten	13
german	universe	universum	beruf	2
german	universe	universum	berufe	2
german	universe	universum	berühmtheiten	13
german	universe	universum	bewusstsein	19
german	universe	universum	erwerben	8
german	universe	universum	evolution	8
german	universe	universum	gegenstrukturalien	15
german	universe	universum	gegentranszendentalien	15
german	universe	universum	geist	18
german	universe	universum	geraete	17
german	universe	universum	geräte	17
german	universe	universum	lebewesen	1
german	universe	universum	leibnitz	6
german	universe	universum	maschinen	17
german	universe	universum	mechanismen	14
german	universe	universum	motivation	10
german	universe	universum	motive	10
german	universe	universum	ontologie	11
german	universe	universum	persoenlichkeit	8
german	universe	universum	personen	13
german	universe	universum	persönlichkeit	8
german	universe	universum	primzahlkreuz	6
german	universe	universum	religion	9
german	universe	universum	religionen	9
german	universe	universum	strukturalien	5
german	universe	universum	tier	1
german	universe	universum	tiere	1
german	universe	universum	transzendentalien	5
german	universe	universum	transzendenz	5
german	universe	universum	wesen	14
german	universe	universum	ziel	10
german	universe	universum	ziele	10
german	universe	universum	zuechten	14
german	universe	universum	züchten	14
